name,url,type,official_verified,eligibility_verified,relevance,editorial_review,buyer_intent,evidence_readiness,cost_risk,status,notes
International Hardware Fair Cologne exhibitor,https://www.eisenwarenmesse.com/for-exhibitors/become-an-exhibitor/online-application/,trade-show,1,1,5,4,5,2,5,manual-review,"accessed=2026-07-22; official Koelnmesse application and facts pages show online exhibitor application, hardware/tool product segments, B2B buyer access and sqm fees; required evidence: exhibitor budget, product families, compliance/QC/packaging proof; target=/wholesale-abrasives; unknowns: 2028 timing and booth ROI"
NHS Concept to Commerce exhibitor,https://www.nhsconcepttocommerce.com/en-us/forms/interested-in-exhibiting.html,trade-show,1,1,5,3,5,2,4,manual-review,"accessed=2026-07-22; official RX/NHS form accepts exhibitor interest and event positioning targets hardlines retailers, wholesalers, distributors, private-label partners and global factories; required evidence: product line sheet, MOQ/factory-region/certification answers, budget; target=/packaging-private-label; unknowns: 2027 package cost and qualification review"
China International Hardware Show booth application,https://www.hardwareshow-china.com/for-exhibitors/59.html,trade-show,1,1,5,3,5,2,4,manual-review,"accessed=2026-07-22; official CIHS application page and 2026 brochure verify booth application, abrasives/grinding category, hosted buyer matching and participation packages; required evidence: export-ready product scope, buyer proof, booth budget; target=/china-abrasive-manufacturer; unknowns: package choice and approved exhibitor profile content"
FEPA association membership,https://fepa-abrasives.org/about-fepa/members/join-us/,association,1,0,5,4,4,2,3,research,"accessed=2026-07-22; official FEPA page says membership requires an abrasive or abrasive-related production plant in Europe; SCOTTCHEN Shanghai/OEM-sourcing position does not prove eligibility; required evidence: European plant or supply-chain membership path, fee, approved legal identity; target=/about; unknowns: eligibility and annual dues"
oSa manufacturer membership,https://www.osa-abrasives.org/manufacturer-members/procedures-from-application-to-admission-as-osa-member/,association,1,0,5,5,4,1,5,research,"accessed=2026-07-22; official oSa page says worldwide resident companies manufacturing and selling grinding tools from artificial abrasives may apply, with application form, product scope tables, sample tests, IFA testing, plant inspection and audits; SCOTTCHEN current public evidence lacks own-factory proof; target=/product-compliance; unknowns: manufacturer eligibility, test scope, audit cost"
UAMA membership research,https://uama.org/membership/,association,1,0,5,4,4,2,3,research,"accessed=2026-07-22; official UAMA pages verify abrasives standards association benefits and mission around safe/productive abrasive products; application category, dues and non-US eligibility are not visible in reviewed pages; required evidence: company category, standards participation value, approved representative; target=/product-compliance; unknowns: eligibility and dues"
Thomasnet supplier profile research,https://www.thomasnet.com/,industrial-directory,1,0,4,2,5,2,3,research,"accessed=2026-07-22; official Thomasnet pages verify supplier discovery, RFQs, category targeting and company-profile claim workflow; no SCOTTCHEN profile was verified and account submission requires approval; required evidence: company profile, product categories, certifications/registrations and contact routing; target=/wholesale-abrasives; unknowns: claim eligibility and paid placement cost"
GlobalSpec supplier listing research,https://www.globalspec.com/productfinder,industrial-directory,1,0,4,3,4,1,3,observe,"accessed=2026-07-22; official GlobalSpec pages verify industrial product/supplier directory and get-listed path, but abrasive-category fit and supplier onboarding terms were not confirmed; required evidence: product catalog, engineering specs and listing requirements; target=/products; unknowns: listing path, editorial review and cost"
SCOTTCHEN unlinked brand mentions,https://www.scottchentools.com/,brand-mention,1,0,5,2,3,2,1,research,"accessed=2026-07-22; search found Walmart SCOTTCHEN brand/product pages and Amazon snippets, but Amazon open failed and no authorized GSC Links export is available; each third-party mention must be verified before outreach; target=/contact; unknowns: marketplace ownership, editable profile fields and unlinked mention contact path"
